experiment,title,label,alg_name,final_hv_regret,hv_regret_2_sem,per_evaluation_time,time_2_sem,num_replications
1d_toy,Toy Problem,sobol,Sobol,2.382839910004506,0.268921189955899,0.41537096893787384,0.2703176008892601,20
1d_toy,Toy Problem,nparego,qNParEGO,4.688958387770342,0.7752414410318021,2.2437678490877153,1.9656929980560072,20
1d_toy,Toy Problem,nehvi,qNEHVI,8.94544274319614,1.8693189787813382,3.0124716045856474,2.4634725670389273,20
1d_toy,Toy Problem,nehvi_rff,qNEHVI-RFF,5.966511633317538,0.7668934462683478,0.40148330366611484,0.33740715271961486,20
1d_toy,Toy Problem,expectation_nparego,Exp-qNParEGO,8.646282013903388,4.53281029462143,13.130606101870537,23.45599368204446,20
1d_toy,Toy Problem,expectation_nehvi_rff,Exp-NEHVI-RFF,2.0934620312239502,0.13171119509992182,0.4238950996398925,0.2907465508939335,20
1d_toy,Toy Problem,ch-var-ucb,MARS-UCB,1.2420499366370308,0.10243909234150496,6.679768625497818,7.377266699140757,20
1d_toy,Toy Problem,ref_ch-var-ts,MARS-TS,1.0226763976391737,0.0756982019775018,0.9140278939008712,0.6887521091374506,20
1d_toy,Toy Problem,ref_ch-var-nei,MARS-NEI,0.8624758622885196,0.04975671057944011,10.42893480157852,21.076517870003464,20
1d_toy,Toy Problem,ref_mvar_nehvi,MVaR-NEHVI,1.7582319691705521,0.15465308562466804,68.55265522824394,64.24153086903627,9
1d_toy,Toy Problem,ref_mvar_nehvi_rff,MVaR-NEHVI-RFF,0.8715333092847715,0.06971803155663131,2.555607430458069,2.2158014210634454,20
1d_toy,Toy Problem,cas,Constraint Active Search,10.775097443358945,3.196246669436891,2.840195403814316,1.5360471538983569,20
1d_toy_q2,"Toy Problem, q=2",ref_ch-var-nei,MARS-NEI,0.9225439669300357,0.043030106919265815,14.444746614004437,21.299270281911053,19
1d_toy_q2,"Toy Problem, q=2",ref_mvar_nehvi_rff,MVaR-NEHVI-RFF,1.0333859765504911,0.04690198840848011,4.003531716108322,6.604992566910051,20
1d_toy_q4,"Toy Problem, q=4",ref_ch-var-nei,MARS-NEI,0.9213832415725705,0.07440940600990047,19.24556299328804,36.90947283157054,20
1d_toy_q4,"Toy Problem, q=4",ref_mvar_nehvi_rff,MVaR-NEHVI-RFF,1.2136283039956481,0.0693035358167292,5.755115699529648,5.173402364205467,20
1d_toy_q8,"Toy Problem, q=8",ref_ch-var-nei,MARS-NEI,0.9261248286956345,0.07580489041753077,20.21238086557388,50.517089792514284,20
bc_v2,Constrained Branin Currin,sobol,Sobol,40.353458941609915,6.882905619392758,0.8981148915290832,0.4246978441540795,20
bc_v2,Constrained Branin Currin,nparego,qNParEGO,35.94998715679435,4.926852956792649,4.7009511256217955,4.644800293083242,20
bc_v2,Constrained Branin Currin,nehvi,qNEHVI,48.134761941526676,5.948210350439888,10.339349743247032,9.419823126111112,20
bc_v2,Constrained Branin Currin,nehvi_rff,qNEHVI-RFF,56.1037359282052,7.284632031601107,1.5021816235780716,1.047581295316293,20
bc_v2,Constrained Branin Currin,expectation_nparego,Exp-qNParEGO,19.340701744446278,2.2055617562548555,9.103479898810386,6.872358095434235,20
bc_v2,Constrained Branin Currin,expectation_nehvi_rff,Exp-NEHVI-RFF,9.761697738252906,0.47198795979080793,3.9311482387781145,2.846474694641138,20
bc_v2,Constrained Branin Currin,ref_ch-var-ts,MARS-TS,7.72622180125677,0.4713534506165626,2.1500598688125607,1.557579754858325,20
bc_v2,Constrained Branin Currin,ref_ch-var-nei,MARS-NEI,5.4321654358655,0.2737925927603257,7.196620549678803,4.59999123579337,20
bc_v2,Constrained Branin Currin,ref_mvar_nehvi,MVaR-NEHVI,7.422878771625392,nan,277.19874933958056,nan,1
bc_v2,Constrained Branin Currin,ref_mvar_nehvi_rff,MVaR-NEHVI-RFF,4.355800169839313,0.12510274310065644,5.797082931995392,4.74122818310738,20
bc_v2,Constrained Branin Currin,cas,Constraint Active Search,25.527817791365123,1.7229798732210295,9.636718826532364,3.767142561298661,20
bc_q2,"Constrained Branin Currin, q=2",ref_ch-var-nei,MARS-NEI,5.1960497298825885,0.2059288080997936,7.725843499660492,4.883876374851413,20
bc_q2,"Constrained Branin Currin, q=2",ref_mvar_nehvi_rff,MVaR-NEHVI-RFF,6.195272271460908,0.35503180381310867,237.7815379744768,298.8889586145392,20
bc_q4,"Constrained Branin Currin, q=4",ref_ch-var-nei,MARS-NEI,5.575122734049728,0.38439944899961315,7.725957899212838,5.751970550750222,20
bc_q8,"Constrained Branin Currin, q=8",ref_ch-var-nei,MARS-NEI,5.590016244579829,0.41029947691179147,8.8156173453331,6.768497426998879,20
bc_8,"Constrained Branin Currin, n_xi=8",expectation_nparego,Exp-qNParEGO,14.434186642706663,1.8796963814910623,10.282070373773575,10.115188422805005,20
bc_8,"Constrained Branin Currin, n_xi=8",expectation_nehvi_rff,Exp-NEHVI-RFF,7.528647849714844,0.3835656961408834,7.151456823587417,10.70256992369486,20
bc_8,"Constrained Branin Currin, n_xi=8",ref_ch-var-ts,MARS-TS,10.072203701515946,1.136714281513502,3.5074532649517063,4.150717327112395,20
bc_8,"Constrained Branin Currin, n_xi=8",ref_ch-var-nei,MARS-NEI,8.29180421062847,0.6488356888574974,7.467282215356827,5.117968830059938,20
bc_8,"Constrained Branin Currin, n_xi=8",ref_mvar_nehvi_rff,MVaR-NEHVI-RFF,6.951302720312924,0.39063533127800604,6.808202954530716,7.630431335128658,20
bc_16,"Constrained Branin Currin, n_xi=16",expectation_nparego,Exp-qNParEGO,15.895089607404998,1.905474977633948,10.160334319114686,7.008409054791464,20
bc_16,"Constrained Branin Currin, n_xi=16",expectation_nehvi_rff,Exp-NEHVI-RFF,8.308262010735007,0.32060864833295916,6.328432005643845,6.132167470330461,20
bc_16,"Constrained Branin Currin, n_xi=16",ref_ch-var-ts,MARS-TS,8.501754004505983,0.6705398113460471,3.718162415981293,5.3863080176514995,20
bc_16,"Constrained Branin Currin, n_xi=16",ref_ch-var-nei,MARS-NEI,6.404828804731778,0.4534032794741151,7.558769744992256,6.588111699412295,20
bc_16,"Constrained Branin Currin, n_xi=16",ref_mvar_nehvi_rff,MVaR-NEHVI-RFF,5.288833438224174,0.212030022457773,8.37799555361271,12.938168744582663,20
bc_64,"Constrained Branin Currin, n_xi=64",expectation_nparego,Exp-qNParEGO,22.026894428046035,1.9111358685618343,10.731199850241344,10.233486755484792,18
bc_64,"Constrained Branin Currin, n_xi=64",expectation_nehvi_rff,Exp-NEHVI-RFF,13.05128990004414,0.6163983711117618,6.8304191697835925,9.34016313337806,20
bc_64,"Constrained Branin Currin, n_xi=64",ref_ch-var-ts,MARS-TS,6.8337820290987565,0.4018909464932945,4.0595313602685925,5.704421754354116,20
bc_64,"Constrained Branin Currin, n_xi=64",ref_ch-var-nei,MARS-NEI,5.496766262429674,0.22891037268360662,10.341606884664959,7.077089975998341,18
bc_64,"Constrained Branin Currin, n_xi=64",ref_mvar_nehvi_rff,MVaR-NEHVI-RFF,4.024655998214257,0.19116435489671404,344.82064885194484,272.42304650318226,13
bc_96,"Constrained Branin Currin, n_xi=96",expectation_nparego,Exp-qNParEGO,27.169253488505092,8.823057164105714,10.755613933404286,42.2514611651868,3
bc_96,"Constrained Branin Currin, n_xi=96",expectation_nehvi_rff,Exp-NEHVI-RFF,15.853544066313361,0.8882237794004306,6.315925500273704,9.746601302570221,20
bc_96,"Constrained Branin Currin, n_xi=96",ref_ch-var-ts,MARS-TS,6.501307411240077,0.46756973768103577,4.018913593411446,4.309844960452422,20
bc_96,"Constrained Branin Currin, n_xi=96",ref_ch-var-nei,MARS-NEI,6.639665636436121,1.134448943227817,9.039421648184458,18.600247747596566,3
bc_128,"Constrained Branin Currin, n_xi=128",expectation_nparego,Exp-qNParEGO,49.71941953683995,nan,16.710466039180755,nan,1
bc_128,"Constrained Branin Currin, n_xi=128",expectation_nehvi_rff,Exp-NEHVI-RFF,16.560539659093138,0.44246440469686915,6.997421235442162,9.195659058533852,20
bc_128,"Constrained Branin Currin, n_xi=128",ref_ch-var-ts,MARS-TS,6.9698629800050185,0.4587043221462721,4.667149800419808,4.537737484713759,20
bc_128,"Constrained Branin Currin, n_xi=128",ref_ch-var-nei,MARS-NEI,8.21576655555873,nan,7.801524312496185,nan,1
bc_heteroskedastic_v2,"Constrained Branin Currin, Heteroscedastic",sobol,Sobol,31.151254626974605,3.639933546447643,0.9309463061094284,1.0145540605087198,20
bc_heteroskedastic_v2,"Constrained Branin Currin, Heteroscedastic",nparego,qNParEGO,32.786147660361394,4.071913644239835,5.5523402842283245,4.377363792093878,20
bc_heteroskedastic_v2,"Constrained Branin Currin, Heteroscedastic",nehvi,qNEHVI,51.57714716531359,7.587766811648262,9.78614495062828,8.917377246621836,20
bc_heteroskedastic_v2,"Constrained Branin Currin, Heteroscedastic",nehvi_rff,qNEHVI-RFF,56.00712751381138,8.083661350433486,2.0910510864257814,3.2356170409562943,20
bc_heteroskedastic_v2,"Constrained Branin Currin, Heteroscedastic",expectation_nparego,Exp-qNParEGO,27.312377070898265,7.729012113995963,10.658288198828698,11.124003873658495,20
bc_heteroskedastic_v2,"Constrained Branin Currin, Heteroscedastic",expectation_nehvi_rff,Exp-NEHVI-RFF,12.33881393369711,0.4802903854191515,7.202363615512848,10.824078513254909,20
bc_heteroskedastic_v2,"Constrained Branin Currin, Heteroscedastic",ref_ch-var-ts,MARS-TS,8.548636611127222,0.4733929002118384,3.330653532385826,3.7036735537647067,20
bc_heteroskedastic_v2,"Constrained Branin Currin, Heteroscedastic",ref_ch-var-nei,MARS-NEI,7.020300754883465,0.40304896846186944,8.35177825975418,5.338931612331645,20
bc_heteroskedastic_v2,"Constrained Branin Currin, Heteroscedastic",ref_mvar_nehvi_rff,MVaR-NEHVI-RFF,5.685306430141509,0.20565438388755566,10.00500241315365,11.900185219377102,20
disc_brake,Disc Brake,sobol,Sobol,1.9389430770370106,0.13510581120150553,0.8701079932451248,0.9979396826748795,20
disc_brake,Disc Brake,nparego,qNParEGO,1.9104081107317796,0.18285710939207728,7.855316750407219,15.05912572397738,20
disc_brake,Disc Brake,nehvi,qNEHVI,1.2328527563307174,0.176596903422293,16.899288276791573,10.279248926582799,20
disc_brake,Disc Brake,nehvi_rff,qNEHVI-RFF,1.711435677900539,0.19669908412375087,2.724983509063721,5.417310509135936,20
disc_brake,Disc Brake,expectation_nparego,Exp-qNParEGO,0.3425613892682584,0.05728099319839906,23.248884672522546,166.3309106336682,20
disc_brake,Disc Brake,expectation_nehvi_rff,Exp-NEHVI-RFF,0.10181023851455517,0.005189663266559438,3.291693900942802,7.278204153487328,20
disc_brake,Disc Brake,ref_ch-var-ts,MARS-TS,0.31989856629665603,0.021130934815612883,3.0732878363132476,6.513483789843218,20
disc_brake,Disc Brake,ref_ch-var-nei,MARS-NEI,0.2958586666369296,0.01339716006680459,10.2794408172369,45.391610070731055,20
disc_brake,Disc Brake,ref_mvar_nehvi,MVaR-NEHVI,0.10214491436732143,0.004422685649434299,243.17407815260046,154.0167414082782,17
disc_brake,Disc Brake,ref_mvar_nehvi_rff,MVaR-NEHVI-RFF,0.19208500534912076,0.006474727731741637,2.8921385937929154,3.0896425673613925,20
disc_brake_8,"Disc Brake, n_xi=8",expectation_nparego,Exp-qNParEGO,0.41431422084606595,0.09475351711524131,16.728757838487624,19.736520911255838,20
disc_brake_8,"Disc Brake, n_xi=8",expectation_nehvi_rff,Exp-NEHVI-RFF,0.23926393502565801,0.02655971473288345,6.0547690027952195,10.89594250955994,20
disc_brake_8,"Disc Brake, n_xi=8",ref_ch-var-ts,MARS-TS,0.33546334523712673,0.022668907895049988,4.4824253357648844,1.5745195354973998,20
disc_brake_8,"Disc Brake, n_xi=8",ref_ch-var-nei,MARS-NEI,0.3333371555996436,0.03495841421168621,9.36549563038349,7.356365980288436,20
disc_brake_8,"Disc Brake, n_xi=8",ref_mvar_nehvi_rff,MVaR-NEHVI-RFF,0.2541083136965554,0.014465597008506057,3.538996618270874,4.465384680094063,20
disc_brake_16,"Disc Brake, n_xi=16",expectation_nparego,Exp-qNParEGO,0.32899981607206286,0.05621156200946508,18.090187091946603,35.92972001951101,20
disc_brake_16,"Disc Brake, n_xi=16",expectation_nehvi_rff,Exp-NEHVI-RFF,0.13315167581224685,0.008360488412102138,5.757770926594734,9.324792745513133,20
disc_brake_16,"Disc Brake, n_xi=16",ref_ch-var-ts,MARS-TS,0.2561484562951373,0.017506147317625825,7.061732921361924,7.6478379463504735,20
disc_brake_16,"Disc Brake, n_xi=16",ref_ch-var-nei,MARS-NEI,0.2738886105186502,0.015207767569531943,11.942181841611863,26.708816449893966,20
disc_brake_16,"Disc Brake, n_xi=16",ref_mvar_nehvi_rff,MVaR-NEHVI-RFF,0.19379079711780012,0.012133031526310175,3.021672237873078,3.828155785491821,20
disc_brake_64,"Disc Brake, n_xi=64",sobol,Sobol,1.9389430770370106,0.13510581120150553,0.7324646272659302,0.3210294403381444,20
disc_brake_64,"Disc Brake, n_xi=64",nparego,qNParEGO,1.626212416678892,0.20047867629974161,11.985401252269744,9.423041142777981,20
disc_brake_64,"Disc Brake, n_xi=64",nehvi_rff,qNEHVI-RFF,1.646141450442439,0.1631970238712871,4.0659692639112475,6.405411168515807,20
disc_brake_64,"Disc Brake, n_xi=64",expectation_nparego,Exp-qNParEGO,0.3727101828182944,0.09684589568011472,38.62835218780919,170.33744461197986,19
disc_brake_64,"Disc Brake, n_xi=64",expectation_nehvi_rff,Exp-NEHVI-RFF,0.10631267046468906,0.004496321866195836,4.943101778030395,9.15326301181219,20
disc_brake_64,"Disc Brake, n_xi=64",ref_ch-var-ts,MARS-TS,0.3207726534782678,0.015047501862313437,4.102327460289001,2.407571406248748,20
disc_brake_64,"Disc Brake, n_xi=64",ref_ch-var-nei,MARS-NEI,0.2749947271281803,0.018238873145877608,23.40698263923327,86.31784922298208,18
disc_brake_64,"Disc Brake, n_xi=64",ref_mvar_nehvi_rff,MVaR-NEHVI-RFF,0.19666465745310635,0.007386493222549086,3.6151760586500163,4.373269256079835,20
disc_brake_96,"Disc Brake, n_xi=64",expectation_nparego,Exp-qNParEGO,0.50234878462118,nan,37.896399142742155,nan,1
disc_brake_96,"Disc Brake, n_xi=64",expectation_nehvi_rff,Exp-NEHVI-RFF,0.11083147885089328,0.004916258855788752,4.534350921392441,7.0991371821749265,20
disc_brake_96,"Disc Brake, n_xi=64",ref_ch-var-ts,MARS-TS,0.2807375859526182,0.016410354355434736,4.668066948771477,7.068019188466072,20
disc_brake_96,"Disc Brake, n_xi=64",ref_ch-var-nei,MARS-NEI,0.42306994506921036,nan,12.587975127696991,nan,1
disc_brake_96,"Disc Brake, n_xi=64",ref_mvar_nehvi_rff,MVaR-NEHVI-RFF,0.18283719696825784,0.010238516188880957,3.854952062368393,3.756023812340532,20
disc_brake_128,"Disc Brake, n_xi=128",sobol,Sobol,1.9389430770370106,0.13510581120150553,0.8695029451847077,0.8543165631026017,20
disc_brake_128,"Disc Brake, n_xi=128",nparego,qNParEGO,1.7982171278474155,0.22541783905387852,11.857490405797957,9.388205459717001,20
disc_brake_128,"Disc Brake, n_xi=128",nehvi_rff,qNEHVI-RFF,1.6782598636026842,0.20845137988933554,4.153108219265938,5.750787473785485,20
disc_brake_128,"Disc Brake, n_xi=128",expectation_nparego,Exp-qNParEGO,0.5841886131275205,nan,52.8212004327774,nan,1
disc_brake_128,"Disc Brake, n_xi=128",expectation_nehvi_rff,Exp-NEHVI-RFF,0.11683934140778618,0.006015160310726907,4.561458332180977,9.742248266317038,20
disc_brake_128,"Disc Brake, n_xi=128",ref_ch-var-ts,MARS-TS,0.30983237466371705,0.021715082226288353,3.987457160830498,1.4708618332408538,20
disc_brake_128,"Disc Brake, n_xi=128",ref_ch-var-nei,MARS-NEI,0.476016829451698,nan,16.80262710571289,nan,1
disc_brake_128,"Disc Brake, n_xi=128",ref_mvar_nehvi_rff,MVaR-NEHVI-RFF,0.18558609923686564,0.02311615522263379,4.778220231533051,5.991501733204541,20
penicillin_v2,Penicillin,sobol,Sobol,16755.21215664517,537.1017355459667,2.929159508228302,1.4595696066708164,20
penicillin_v2,Penicillin,nparego,qNParEGO,17308.20862570095,891.5866457331447,21.209254157185555,25.551334733046822,20
penicillin_v2,Penicillin,nehvi,qNEHVI,16516.178157566206,1173.6539660783399,23.62507087421417,40.95751227900227,20
penicillin_v2,Penicillin,nehvi_rff,qNEHVI-RFF,13817.141730407951,898.1932174152352,4.984112362742424,3.886922659260626,20
penicillin_v2,Penicillin,expectation_nparego,Exp-qNParEGO,15249.880719415072,976.37468359239,121.90009364843368,118.98078864347451,20
penicillin_v2,Penicillin,expectation_nehvi_rff,Exp-NEHVI-RFF,14620.382295056377,568.3848367071532,5.109894857764244,3.272361246678659,20
penicillin_v2,Penicillin,ch-var-ucb,MARS-UCB,17702.37246310133,991.3229563138063,12.329885170221328,14.095544988235778,20
penicillin_v2,Penicillin,ref_ch-var-ts,MARS-TS,14884.21954556607,474.2411224523476,6.697395913481712,5.8356988575702795,20
penicillin_v2,Penicillin,ref_ch-var-nei,MARS-NEI,10570.812819679173,851.1589119878887,41.35384515714645,60.04506775754652,20
gmm_demo,"GMM, Std=0.05",sobol,Sobol,0.011486054214722655,0.0021263449223915378,0.38906448781490327,0.1830570972907199,20
gmm_demo,"GMM, Std=0.05",nparego,qNParEGO,0.002892416308596737,0.0010191300951029939,2.2115038220882415,1.7449688822985574,20
gmm_demo,"GMM, Std=0.05",nehvi,qNEHVI,0.004110430706454973,0.0017540120282438783,2.6609229815006255,3.1280569531419187,20
gmm_demo,"GMM, Std=0.05",nehvi_rff,qNEHVI-RFF,0.003926887716777926,0.0015514395923866106,0.5018129671812058,0.5833380674735167,20
gmm_demo,"GMM, Std=0.05",expectation_nparego,Exp-qNParEGO,0.0021513430929119455,0.00071316519509168,3.5665383872985843,3.196767308352333,20
gmm_demo,"GMM, Std=0.05",expectation_nehvi_rff,Exp-NEHVI-RFF,0.003065634481808844,0.0010651741576557642,0.5053477923870087,0.6163103799768891,20
gmm_demo,"GMM, Std=0.05",ch-var-ucb,MARS-UCB,0.004319612580984792,0.0011279151620799952,7.678332277059556,7.215932026891979,20
gmm_demo,"GMM, Std=0.05",ref_ch-var-ts,MARS-TS,0.0006044458916870284,2.0669782697955817e-05,4.055235852718353,5.371063549778825,20
gmm_demo,"GMM, Std=0.05",ref_ch-var-nei,MARS-NEI,0.0005874424553287544,1.4103672118720263e-05,7.20850876057148,13.924688196924347,20
gmm_demo,"GMM, Std=0.05",ref_mvar_nehvi,MVaR-NEHVI,0.0005792942751575852,2.1983038536888025e-05,213.44744454542797,282.7368299988875,6
gmm_demo,"GMM, Std=0.05",ref_mvar_nehvi_rff,MVaR-NEHVI-RFF,0.0005797317089222542,1.5531375979592953e-05,2.1017760305404662,2.3375823982132578,20
gmm_demo,"GMM, Std=0.05",cas,Constraint Active Search,0.003627750171756105,0.0004639607519446455,7.664549527406693,8.206383635187326,20
gmm_noise2x,"GMM, Std=0.10",sobol,Sobol,0.0067647924365256025,0.0011058093220439034,0.36412236189842223,0.21709402732754737,20
gmm_noise2x,"GMM, Std=0.10",nparego,qNParEGO,0.0033665729712652227,0.0007001420562170127,2.606920347332954,1.6581477639907838,20
gmm_noise2x,"GMM, Std=0.10",nehvi,qNEHVI,0.0036840666305679864,0.001377420771499025,2.298569120526314,1.5326247722926192,20
gmm_noise2x,"GMM, Std=0.10",nehvi_rff,qNEHVI-RFF,0.003645419041791338,0.00120025303344043,0.7868992360830308,0.5493723937717638,20
gmm_noise2x,"GMM, Std=0.10",expectation_nparego,Exp-qNParEGO,0.002136213442618242,0.0006986357768010931,24.019595616579053,68.92286493043437,20
gmm_noise2x,"GMM, Std=0.10",expectation_nehvi_rff,Exp-NEHVI-RFF,0.0009608788528849693,0.00010623366541918847,0.7795678162574768,0.4646690010694745,20
gmm_noise2x,"GMM, Std=0.10",ref_ch-var-nei,MARS-NEI,0.0009644949657364905,5.7284724966010925e-05,15.38876908636093,36.12751142352276,20
gmm_noise2x,"GMM, Std=0.10",ref_mvar_nehvi_rff,MVaR-NEHVI-RFF,0.0009961092924742065,4.120665806434252e-05,2.579244399428368,1.503155877648764,20
gmm_noise2x,"GMM, Std=0.10",cas,Constraint Active Search,0.00886434803572436,0.0012343686664463074,7.185542594075202,5.893705482337333,20
gmm_noise4x,"GMM, Std=0.20",sobol,Sobol,0.00035223138219587623,6.658066096102153e-05,0.32644365990161894,0.14602186423109959,20
gmm_noise4x,"GMM, Std=0.20",nparego,qNParEGO,0.00019903556273451,2.52836619878311e-05,2.318296712756157,1.5900193569997587,20
gmm_noise4x,"GMM, Std=0.20",nehvi,qNEHVI,0.00021682610394547683,3.953073864766054e-05,2.3774126406908036,1.525331151947288,20
gmm_noise4x,"GMM, Std=0.20",nehvi_rff,qNEHVI-RFF,0.00023099974125351968,4.423110976203037e-05,0.6697901903390884,0.4856005394879029,20
gmm_noise4x,"GMM, Std=0.20",expectation_nparego,Exp-qNParEGO,0.00010431140024527502,9.82626586123619e-06,44.58776938116551,56.0095967851568,20
gmm_noise4x,"GMM, Std=0.20",expectation_nehvi_rff,Exp-NEHVI-RFF,0.00018115603472122765,1.0810608060309215e-05,0.6739995527267456,0.49683880577247796,20
gmm_noise4x,"GMM, Std=0.20",ref_ch-var-nei,MARS-NEI,0.00012077559991548279,1.1582832698601939e-05,76.36893488907813,84.05280001292223,20
gmm_noise4x,"GMM, Std=0.20",ref_mvar_nehvi_rff,MVaR-NEHVI-RFF,0.00016170734320758212,9.350801174338576e-06,2.715383095860481,2.8201559476576454,20
gmm_noise4x,"GMM, Std=0.20",cas,Constraint Active Search,0.0008138724510689571,9.167161646712498e-05,6.225779019951821,5.214876091064397,20
gmm_hetero,"GMM, Std=0.2X",sobol,Sobol,0.007003837685380449,0.0012744256278955162,0.38320087671279907,0.19653441003768707,20
gmm_hetero,"GMM, Std=0.2X",nparego,qNParEGO,0.00215920137650725,0.0007272039859021877,2.5822153544425963,1.4275149160988556,20
gmm_hetero,"GMM, Std=0.2X",nehvi,qNEHVI,0.0034131812075151122,0.0015867287643242117,2.511804491519928,2.0912514314932187,20
gmm_hetero,"GMM, Std=0.2X",nehvi_rff,qNEHVI-RFF,0.0029828675986915375,0.0011505371452323935,0.8234144936800003,0.3895160273101568,20
gmm_hetero,"GMM, Std=0.2X",expectation_nparego,Exp-qNParEGO,0.0009503447473681453,0.0007474931466606284,5.416396563768387,12.57316601676065,20
gmm_hetero,"GMM, Std=0.2X",expectation_nehvi_rff,Exp-NEHVI-RFF,0.00017219418546113655,9.803666707030715e-06,0.9065559130907058,0.45171154642552036,20
gmm_hetero,"GMM, Std=0.2X",ref_ch-var-nei,MARS-NEI,0.00023685981275672202,1.0320511991685608e-05,4.8727113326787945,3.294465943024592,20
gmm_hetero,"GMM, Std=0.2X",ref_mvar_nehvi_rff,MVaR-NEHVI-RFF,0.00019124230681593496,5.020190587979629e-06,2.218450270295143,1.1067695705728204,20
gmm_corr,"GMM, Correlated",sobol,Sobol,0.006475271696532864,0.0012227815199475328,0.36861678814888,0.5168530386851855,20
gmm_corr,"GMM, Correlated",nparego,qNParEGO,0.002622180089871695,0.0007525847130801656,2.339115142464638,1.8229576880631826,20
gmm_corr,"GMM, Correlated",nehvi,qNEHVI,0.0033251115637912363,0.001318755620338821,2.44819502222538,1.6544470043217256,20
gmm_corr,"GMM, Correlated",nehvi_rff,qNEHVI-RFF,0.003268960447873002,0.0011123318379750767,0.7072009238004685,0.6406880763061948,20
gmm_corr,"GMM, Correlated",expectation_nparego,Exp-qNParEGO,0.0018996826529793492,0.0004894807801088991,3.7075535252094265,4.000342391235811,20
gmm_corr,"GMM, Correlated",expectation_nehvi_rff,Exp-NEHVI-RFF,0.00330267506575083,0.0011233527613686662,0.7379299912452697,0.6560891913518647,20
gmm_corr,"GMM, Correlated",ref_ch-var-ts,MARS-TS,0.0005135448161002025,1.4836231451339409e-05,2.9395137692689897,3.929735988533725,20
gmm_corr,"GMM, Correlated",ref_ch-var-nei,MARS-NEI,0.0005192211005757355,2.567584878885698e-05,5.7928903402090075,7.430651276625099,20
gmm_corr,"GMM, Correlated",ref_mvar_nehvi_rff,MVaR-NEHVI-RFF,0.0004457782399640252,1.7509142349337756e-05,1.8865963480472565,1.1268088712610769,20
gmm_mul,"GMM, Multiplicative",sobol,Sobol,0.006537465329597925,0.0010234990480331395,0.40810908269882207,0.5888299427448508,20
gmm_mul,"GMM, Multiplicative",nparego,qNParEGO,0.002154088313254556,0.0007675802515976352,2.4879040145874023,2.3158760647144088,20
gmm_mul,"GMM, Multiplicative",nehvi,qNEHVI,0.0031205694590906944,0.001433606229015351,2.4572542699575424,1.9921076479492552,20
gmm_mul,"GMM, Multiplicative",nehvi_rff,qNEHVI-RFF,0.0030538081671056226,0.0012127407338262787,0.7726573189496995,0.7045151423647398,20
gmm_mul,"GMM, Multiplicative",expectation_nparego,Exp-qNParEGO,0.0010286972541251153,0.00029183645436871894,3.3434654593467714,2.4171256627532864,20
gmm_mul,"GMM, Multiplicative",expectation_nehvi_rff,Exp-NEHVI-RFF,0.0013831421402904654,0.0005948419094054328,0.8523204616308212,1.0238661348175881,20
gmm_mul,"GMM, Multiplicative",ch-var-ucb,MARS-UCB,0.0026687385629359395,0.0003277047294118995,8.232512463212013,10.965933922898426,20
gmm_mul,"GMM, Multiplicative",ref_ch-var-ts,MARS-TS,9.150060534119861e-05,6.919059961974047e-06,3.3117707575559616,3.5888400340794413,20
gmm_mul,"GMM, Multiplicative",ref_ch-var-nei,MARS-NEI,0.00014519490027278467,1.1500690600776304e-05,3.882894519805908,2.9725278567482585,20
gmm_mul,"GMM, Multiplicative",ref_mvar_nehvi,MVaR-NEHVI,5.720107409114446e-05,1.2401218225994943e-06,145.58216558229924,130.71462480408084,20
gmm_mul,"GMM, Multiplicative",ref_mvar_nehvi_rff,MVaR-NEHVI-RFF,6.35720527047013e-05,2.6582111464185615e-06,1.794636318206787,1.6812131165560569,20
gmm3,"GMM, M=3, alpha=0.9",sobol,Sobol,0.004801336003671081,0.0008462415656712989,0.5297875348329544,0.3205469423341871,20
gmm3,"GMM, M=3, alpha=0.9",nparego,qNParEGO,0.0034667375170907774,0.0010946393303393664,1.4219475967884063,1.475793215581555,20
gmm3,"GMM, M=3, alpha=0.9",nehvi,qNEHVI,0.002321009013110024,0.0009793540298583061,23.778768716812134,43.82693715873938,20
gmm3,"GMM, M=3, alpha=0.9",nehvi_rff,qNEHVI-RFF,0.0018117934240926732,0.000611008615487232,0.6869900858402253,0.4710785118311203,20
gmm3,"GMM, M=3, alpha=0.9",expectation_nparego,Exp-qNParEGO,0.004550772893858971,0.001333424810064255,13.386495757818222,54.21790705693091,20
gmm3,"GMM, M=3, alpha=0.9",expectation_nehvi_rff,Exp-NEHVI-RFF,0.0015676253390878494,0.0005444109116589505,0.7674634253978729,0.803316293905613,20
gmm3,"GMM, M=3, alpha=0.9",ch-var-ucb,MARS-UCB,0.0024558362584171673,0.0005006799397605777,10.321402109146117,12.311371266265073,20
gmm3,"GMM, M=3, alpha=0.9",ref_ch-var-ts,MARS-TS,0.0003838917231799629,1.5896745332501973e-05,1.7738062769174576,2.514576019856494,20
gmm3,"GMM, M=3, alpha=0.9",ref_ch-var-nei,MARS-NEI,0.00036939918787081034,1.4836562732806865e-05,8.792887592434884,13.204031884218995,20
gmm3,"GMM, M=3, alpha=0.9",ref_mvar_nehvi_rff,MVaR-NEHVI-RFF,0.00035560334571028106,1.2381404247009863e-05,3.0174809955358506,2.087869769948811,20
gmm3,"GMM, M=3, alpha=0.9",cas,Constraint Active Search,0.002558631755996032,0.00027319391189453604,9.500104440689087,4.671648077986595,20
gmm3_08,"GMM, M=3, alpha=0.8",sobol,Sobol,0.008887418074602152,0.001506829264341045,1.1579864181280137,1.3693437384456602,20
gmm3_08,"GMM, M=3, alpha=0.8",nparego,qNParEGO,0.003670927177702968,0.0009458138719151547,3.4478725004196167,2.5928340294320367,20
gmm3_08,"GMM, M=3, alpha=0.8",nehvi,qNEHVI,0.003371657124647251,0.0013617884631812996,20.1930173715353,22.75048413244892,20
gmm3_08,"GMM, M=3, alpha=0.8",nehvi_rff,qNEHVI-RFF,0.0023872306784461853,0.0005943962596085102,1.683637041091919,0.9727028620090807,20
gmm3_08,"GMM, M=3, alpha=0.8",expectation_nparego,Exp-qNParEGO,0.002935811677872928,0.00093670144017294,6.174580707192421,6.431442881779769,20
gmm3_08,"GMM, M=3, alpha=0.8",expectation_nehvi_rff,Exp-NEHVI-RFF,0.0023835232482808527,0.0007358479426671377,2.133905907511711,6.2851175299571045,20
gmm3_08,"GMM, M=3, alpha=0.8",ch-var-ucb,MARS-UCB,0.003344928402991207,0.0006328948615302607,10.428658417224883,11.091382578791505,20
gmm3_08,"GMM, M=3, alpha=0.8",ref_ch-var-ts,MARS-TS,0.001082398898914247,0.00014037403155584655,3.790437904596329,2.905113028458608,20
gmm3_08,"GMM, M=3, alpha=0.8",ref_ch-var-nei,MARS-NEI,0.0009278499662580125,0.00015596112412972357,10.713076794862747,23.01718209904589,20
gmm3_08,"GMM, M=3, alpha=0.8",cas,Constraint Active Search,0.004033433824812652,0.00043933308566479853,9.858614832282067,6.633750109684027,20
gmm3_07,"GMM, M=3, alpha=0.7",sobol,Sobol,0.01854578705035298,0.0019005881358186466,1.876449794769287,2.173108982674559,20
gmm3_07,"GMM, M=3, alpha=0.7",nparego,qNParEGO,0.006788347208829523,0.0012849089414790822,4.456101808309556,2.6340217074969385,20
gmm3_07,"GMM, M=3, alpha=0.7",nehvi,qNEHVI,0.006343196741148471,0.001848380360152654,23.337129386663438,26.386733378280326,20
gmm3_07,"GMM, M=3, alpha=0.7",nehvi_rff,qNEHVI-RFF,0.004345282242099749,0.00107794103633823,3.072602321743965,5.77985934515319,20
gmm3_07,"GMM, M=3, alpha=0.7",expectation_nparego,Exp-qNParEGO,0.0054282635974290255,0.0011977034148695036,7.984874465823173,12.793919118879973,20
gmm3_07,"GMM, M=3, alpha=0.7",expectation_nehvi_rff,Exp-NEHVI-RFF,0.003597875578224677,0.0007105979199737557,4.028966346502304,10.308195627229633,20
gmm3_07,"GMM, M=3, alpha=0.7",ch-var-ucb,MARS-UCB,0.0077243944776763385,0.001188956460140247,14.363277953624724,22.454099984862246,20
gmm3_07,"GMM, M=3, alpha=0.7",ref_ch-var-ts,MARS-TS,0.005398230739703538,0.00200179758403712,5.737711524248123,8.85396712394527,20
gmm3_07,"GMM, M=3, alpha=0.7",ref_ch-var-nei,MARS-NEI,0.0025871841918436167,0.0008835974702766487,11.089680504083633,14.35899164690675,20
gmm3_07,"GMM, M=3, alpha=0.7",cas,Constraint Active Search,0.012881271448955844,0.0011763922444297946,10.461963219285012,20.030213833716026,20
gmm_4obj,"GMM, M=4, alpha=0.9",sobol,Sobol,0.005672621680381702,0.001077105600083317,0.8131536018848419,0.15814568531444068,20
gmm_4obj,"GMM, M=4, alpha=0.9",nparego,qNParEGO,0.0024038674828518285,0.001064725418687304,4.511525338888168,12.919808441453219,20
gmm_4obj,"GMM, M=4, alpha=0.9",nehvi,qNEHVI,0.0028120771572378057,0.0013587496312272836,47.95878395366669,55.234218947063184,20
gmm_4obj,"GMM, M=4, alpha=0.9",nehvi_rff,qNEHVI-RFF,0.0020123069618602323,0.0007045478098092801,2.0789526228904727,3.9836943549130033,20
gmm_4obj,"GMM, M=4, alpha=0.9",expectation_nparego,Exp-qNParEGO,0.0018927572283904646,0.0006465490285638507,8.140382567167283,18.2926332797338,20
gmm_4obj,"GMM, M=4, alpha=0.9",expectation_nehvi_rff,Exp-NEHVI-RFF,0.0015679236094298908,0.0004787142211026111,1.8534432296752932,1.5123056966453376,20
gmm_4obj,"GMM, M=4, alpha=0.9",ch-var-ucb,MARS-UCB,0.0014284140383277345,0.00034242046583571545,12.054193584799766,11.925715415294786,20
gmm_4obj,"GMM, M=4, alpha=0.9",ref_ch-var-ts,MARS-TS,0.00042320675300576774,3.916440140365635e-05,4.155272547125816,4.222576716470262,20
gmm_4obj,"GMM, M=4, alpha=0.9",ref_ch-var-nei,MARS-NEI,0.0004157286523968802,2.074134249415042e-05,13.499554092049598,25.859044562816155,20
gmm_4obj,"GMM, M=4, alpha=0.9",ref_mvar_nehvi_rff,MVaR-NEHVI-RFF,0.00046663781311215985,nan,21.772652831077576,nan,1
gmm_4obj,"GMM, M=4, alpha=0.9",cas,Constraint Active Search,0.00267552335922552,0.0004962901046068059,11.451962023138998,6.837181023331293,20
gmm_4obj_08,"GMM, M=4, alpha=0.8",sobol,Sobol,0.007393357369333137,0.0013470148890292683,3.2664394965171812,3.3021054807280117,20
gmm_4obj_08,"GMM, M=4, alpha=0.8",nparego,qNParEGO,0.003044939897094267,0.0012421907059652192,8.872463064074516,10.167039692645012,20
gmm_4obj_08,"GMM, M=4, alpha=0.8",nehvi,qNEHVI,0.0036578644655484646,0.0014720980303220496,57.33041072618961,75.43962721995962,20
gmm_4obj_08,"GMM, M=4, alpha=0.8",nehvi_rff,qNEHVI-RFF,0.002175615879681469,0.0006201588824623685,9.955444184064866,91.78910685379266,20
gmm_4obj_08,"GMM, M=4, alpha=0.8",expectation_nparego,Exp-qNParEGO,0.002120985153608739,0.000473295704281503,10.614821672320366,10.630073337584452,20
gmm_4obj_08,"GMM, M=4, alpha=0.8",expectation_nehvi_rff,Exp-NEHVI-RFF,0.0018964958305654964,0.0005017714810630329,5.326031463027,4.000999289204625,20
gmm_4obj_08,"GMM, M=4, alpha=0.8",ch-var-ucb,MARS-UCB,0.0026126673574168417,0.0006437703586317557,17.57367140007019,19.10997147447426,20
gmm_4obj_08,"GMM, M=4, alpha=0.8",ref_ch-var-ts,MARS-TS,0.0009957299839491174,5.623455123182203e-05,9.892187523126601,27.082633853263662,20
gmm_4obj_08,"GMM, M=4, alpha=0.8",ref_ch-var-nei,MARS-NEI,0.0008790485570462463,5.313197220288867e-05,27.54465801024437,221.08589111352688,20
gmm_4obj_08,"GMM, M=4, alpha=0.8",cas,Constraint Active Search,0.003920569367019587,0.0004941259291175734,12.8616071382761,6.800469189459044,20
